user_id,doc_id,timestamp
242619,6d9afcfa-815c-4a2d-ad15-085b989b8a50,2025-03-31T12:00:00Z
242619,6d9afcfa-815c-4a2d-ad15-085b989b8a50,2025-03-31T12:00:00Z
242619,6d9afcfa-815c-4a2d-ad15-085b989b8a50,2025-03-31T12:00:00Z
242619,6d9afcfa-815c-4a2d-ad15-085b989b8a50,2025-03-31T12:00:00Z
242619,6d9afcfa-815c-4a2d-ad15-085b989b8a50,2025-03-31T12:00:00Z
123456,bdsvfdsgfvdshfvhds,2025-04-01T19:14:50.473712Z
242619,6d9afcfa-815c-4a2d-ad15-085b989b8a50,2025-03-31T12:00:00Z
242619,6d9afcfa-815c-4a2d-ad15-085b989b8a50,2025-03-31T12:00:00Z
242619,6d9afcfa-815c-4a2d-ad15-085b989b8a50,2025-03-31T12:00:00Z
242619,6d9afcfa-815c-4a2d-ad15-085b989b8a50,2025-03-31T12:00:00Z
123456,bdsvfdsgfvdshfvhds,2025-04-01T19:19:25.564671700Z
123456,bdsvfdsgfvdshfvhds,2025-04-01T19:19:48.804951900Z
123456,bdsvfdsgfvdshfvhds,2025-04-01T19:19:50.966559Z
242619,bdsvfdsgfvdshfvhds,2025-04-02T10:57:50.976410200Z
242619,bdsvfdsgfvdshfvhds,2025-04-02T10:57:52.631263900Z
242619,bdsvfdsgfvdshfvhds,2025-04-02T10:57:54.776747300Z
242619,bdsvfdsgfvdshfvhds,2025-04-02T11:01:42.098834300Z
242619,bdsvfdsgfvdshfvhds,2025-04-02T11:01:48.172947100Z
242619,bdsvfdsgfvdshfvhds,2025-04-02T11:06:22.973191400Z
5415665,bdsvfdsgfvdshfvhds,2025-04-02T11:06:31.463682600Z
242619,6d9afcfa-815c-4a2d-ad15-085b989b8a50,2025-04-02T11:10:44.134075700Z
